Account,Balance
C-0001,1049.723
C-0002,51476.4495
C-0003,5.3429
C-0004,-539.397
C-0005,485.1939
C-0006,2410.93325
C-0007,55.4793
C-0008,-458.45099999999996
C-0009,598.3442
C-0010,9536.8245
C-0011,396.25329999999997
C-0012,-81.297
C-0013,10428.9465
C-0014,6197.625
C-0015,6197.6775
C-0016,701.2329
C-0017,49.823299999999996
C-0018,-49.797
C-0019,-0.29700000000000004
C-0020,4.2925
